Administered,Total Doses Administered Daily,Daily Count People Receiving Dose 1,TotalDosesAdministeredCumulative,PeopleReceiving1orMoreDosesCumulative,7-Day Avg Daily Count Dose 1,7-Day Avg Total Doses Daily,DailyCountofPeopleFullyVaccinated,People Fully Vaccinated Cumulative,7-Day Avg Daily Count of People Fully Vaccinated,State,Date,NewDeaths,7-Day Moving Avg,Historic Deaths
565812483,419289,45231,565812483,256245809,47473,397874,48752,218409518,46520,United States,Apr  8 2022,888,518,0
565393194,436659,47856,565393194,256200578,51548,422589,48715,218360766,50111,United States,Apr  7 2022,518,475,0
564956535,473459,52215,564956535,256152722,54756,433339,53962,218312051,52042,United States,Apr  6 2022,942,502,0
564483076,468303,54317,564483076,256100507,55580,419550,53109,218258089,52101,United States,Apr  5 2022,668,534,-130
564014773,482506,62883,564014773,256046190,54162,379083,55211,218204980,49941,United States,Apr  4 2022,371,540,0
563532267,190906,26664,563532267,255983307,52147,333552,24313,218149769,47189,United States,Apr  3 2022,88,582,0
563341361,313994,43146,563341361,255956643,50877,315113,41580,218125456,45760,United States,Apr  2 2022,152,580,0
563027367,592299,73756,563027367,255913497,49476,287226,73886,218083876,43951,United States,Apr  1 2022,589,581,0
562435068,511903,70313,562435068,255839741,47408,233903,62236,218009990,40747,United States,Mar 31 2022,708,603,0
561923165,376942,57984,561923165,255769428,44588,186149,54372,217947754,37627,United States,Mar 30 2022,1168,628,0
561546223,185028,44389,561546223,255711444,43489,158267,37987,217893382,36059,United States,Mar 29 2022,706,637,0
561361195,163793,48776,561361195,255667055,43688,156452,35949,217855395,36500,United States,Mar 28 2022,665,666,0
561197402,61829,17777,561197402,255618279,43793,158434,14310,217819446,37263,United States,Mar 27 2022,73,678,0
561135573,118790,33340,561135573,255600502,44394,159958,28915,217805136,37658,United States,Mar 26 2022,159,686,0
561016783,219038,59280,561016783,255567162,45126,163012,51458,217776221,38600,United States,Mar 25 2022,747,690,0
560797745,177623,50573,560797745,255507882,45471,166462,40396,217724763,39724,United States,Mar 24 2022,882,717,0
560620122,181767,50290,560620122,255457309,45201,168043,43399,217684367,40563,United States,Mar 23 2022,1230,740,0
560438355,172323,45783,560438355,255407019,45561,170456,41070,217640968,41532,United States,Mar 22 2022,908,777,0
560266032,177667,49509,560266032,255361236,46423,173835,41294,217599898,42904,United States,Mar 21 2022,752,849,0
560088365,72500,21983,560088365,255311727,46573,175314,17072,217558604,44080,United States,Mar 20 2022,125,930,0
560015865,140168,38466,560015865,255289744,46499,175218,35508,217541532,44528,United States,Mar 19 2022,191,937,0
559875697,243187,61693,559875697,255251278,46510,174767,59329,217506024,45139,United States,Mar 18 2022,936,987,0
559632510,188686,48686,559632510,255189585,46807,175778,46268,217446695,46835,United States,Mar 17 2022,1041,1055,0
559443824,198660,52807,559443824,255140899,47568,178130,50185,217400427,48353,United States,Mar 16 2022,1486,1084,0
559245164,195978,51819,559245164,255088092,47916,179106,50675,217350242,49332,United States,Mar 15 2022,1415,1148,0
559049186,188022,50555,559049186,255036273,48389,180867,49523,217299567,50194,United States,Mar 14 2022,1321,1189,-3779
558861164,71826,21465,558861164,254985718,49242,183070,20208,217250044,50624,United States,Mar 13 2022,174,1214,0
558789338,137010,38544,558789338,254964253,49936,185056,39783,217229836,51093,United States,Mar 12 2022,538,1236,0
558652328,250264,63775,558652328,254925709,51501,190587,71203,217190053,52502,United States,Mar 11 2022,1413,1206,0
558402064,205152,54012,558402064,254861934,53527,198647,56893,217118850,54478,United States,Mar 10 2022,1246,1223,0
558196912,205493,55244,558196912,254807922,55109,204410,57042,217061957,55871,United States,Mar  9 2022,1934,1237,0
557991419,208299,55130,557991419,254752678,56812,210660,56707,217004915,57562,United States,Mar  8 2022,1702,1210,0
557783120,203445,56524,557783120,254697548,58783,218670,52532,216948208,59480,United States,Mar  7 2022,1493,1246,0
557579675,85732,26322,557579675,254641024,61811,233214,23494,216895676,63112,United States,Mar  6 2022,329,1343,0
557493943,175726,49501,557493943,254614702,63012,238191,49640,216872182,64182,United States,Mar  5 2022,330,1343,0
557318217,306681,77957,557318217,254565201,65413,247139,85036,216822542,66062,United States,Mar  4 2022,1531,1374,0
557011536,245495,65088,557011536,254487244,68038,257852,66649,216737506,68426,United States,Mar  3 2022,1343,1487,0
556766041,249241,67163,556766041,254422156,70589,268378,68873,216670857,70731,United States,Mar  2 2022,1748,1644,-238
556516800,264370,68924,556516800,254354993,73518,280400,70135,216601984,73774,United States,Mar  1 2022,1953,1763,0
556252430,305255,77719,556252430,254286069,76341,290945,77955,216531849,77156,United States,Feb 28 2022,2170,1950,0
555947175,120567,34731,555947175,254208350,76913,291892,30988,216453894,78361,United States,Feb 27 2022,330,1794,0
555826608,238367,66307,555826608,254173619,78102,296263,62800,216422906,79828,United States,Feb 26 2022,548,1827,0
555588241,381669,96331,555588241,254107312,79454,301869,101579,216360106,81836,United States,Feb 25 2022,2320,1853,0
555206572,319177,82949,555206572,254010981,83650,320894,82789,216258527,87299,United States,Feb 24 2022,2441,1847,0
554887395,333398,87662,554887395,253928032,85974,331946,90172,216175738,90822,United States,Feb 23 2022,2585,1822,0
554553997,338179,88689,554553997,253840370,88103,341879,93811,216085566,94294,United States,Feb 22 2022,3256,1832,0
554215818,311889,81724,554215818,253751681,89768,349567,86390,215991755,97090,United States,Feb 21 2022,1084,1798,0
553903929,151161,43054,553903929,253669957,90733,352624,41258,215905365,98409,United States,Feb 20 2022,555,2060,0
553752768,277612,75769,553752768,253626903,90778,352480,76856,215864107,98991,United States,Feb 19 2022,730,2079,0
553475156,514842,125706,553475156,253551134,93003,361402,139819,215787251,102413,United States,Feb 18 2022,2280,2116,0
552960314,396543,99213,552960314,253425428,96792,374970,107446,215647432,106910,United States,Feb 17 2022,2267,2199,0
552563771,402927,102563,552563771,253326215,100931,389163,114478,215539986,111221,United States,Feb 16 2022,2653,2240,0
552160844,391996,100350,552160844,253223652,104911,402961,113381,215425508,115333,United States,Feb 15 2022,3019,2285,362
551768848,333287,88477,551768848,253123302,108570,416956,95628,215312127,119638,United States,Feb 14 2022,2917,2392,0
551435561,150153,43368,551435561,253034825,114224,436696,45328,215216499,124551,United States,Feb 13 2022,690,2439,0
551285408,340068,91344,551285408,252991457,116526,445107,100814,215171171,126595,United States,Feb 12 2022,986,2436,0
550945340,609816,152231,550945340,252900113,119170,457997,171294,215070357,130914,United States,Feb 11 2022,2862,2469,0
550335524,495896,128186,550335524,252747882,119535,462560,137623,214899063,132434,United States,Feb 10 2022,2554,2540,0
549839628,499512,130421,549839628,252619696,119688,464025,143263,214761440,132498,United States,Feb  9 2022,2970,2562,0
549340116,489957,125965,549340116,252489275,121778,472282,143514,214618177,133802,United States,Feb  8 2022,3770,2591,0
548850159,471469,128051,548850159,252363310,125295,487439,130022,214474663,135810,United States,Feb  7 2022,3241,2650,0
548378690,209033,59481,548378690,252235259,130056,508358,59637,214344641,139653,United States,Feb  6 2022,673,2566,0
548169657,430295,109856,548169657,252175778,132020,515852,131047,214285004,140655,United States,Feb  5 2022,1213,2598,0
547739362,641758,154786,547739362,252065922,133894,520567,181930,214153957,137803,United States,Feb  4 2022,3362,2641,0
547097604,506153,129259,547097604,251911136,144913,562547,138075,213972027,141502,United States,Feb  3 2022,2708,2655,0
546591451,557311,145047,546591451,251781877,155144,600813,152386,213833952,146549,United States,Feb  2 2022,3176,2674,0
546034140,596055,150588,546034140,251636830,163381,631956,157575,213681566,150114,United States,Feb  1 2022,4182,2664,0
545438085,617898,161374,545438085,251486242,171379,659414,156918,213523991,152458,United States,Jan 31 2022,2651,2571,71
544820187,261492,73231,544820187,251324868,177867,682856,66653,213367073,152781,United States,Jan 30 2022,899,2585,0
544558695,463299,122973,544558695,251251637,180648,692264,111085,213300420,152379,United States,Jan 29 2022,1512,2590,0
544095396,935621,231918,544095396,251128664,187982,713194,207825,213189335,148259,United States,Jan 28 2022,3459,2552,121
543159775,774017,200876,543159775,250896746,194965,730563,173398,212981510,141407,United States,Jan 27 2022,2842,2596,0
542385758,775311,202709,542385758,250695870,201075,751094,177347,212808112,141648,United States,Jan 26 2022,3103,2600,268
541610447,788258,206572,541610447,250493161,208430,777605,173983,212630765,142823,United States,Jan 25 2022,3537,2559,0
540822189,781991,206793,540822189,250286589,215471,805211,159174,212456782,144737,United States,Jan 24 2022,2747,2430,0
540040198,327350,92696,540040198,250079796,217018,810164,63840,212297608,142048,United States,Jan 23 2022,936,2244,0
539712848,609812,174307,539712848,249987100,219056,818634,82247,212233768,141176,United States,Jan 22 2022,1243,2232,0
539103036,1057205,280800,539103036,249812793,226626,842798,159862,212151521,141885,United States,Jan 21 2022,3768,2251,79
538045831,917729,243646,538045831,249531993,240924,898358,175083,211991659,143961,United States,Jan 20 2022,2869,2116,0
537128102,960893,254197,537128102,249288347,254500,948262,185571,211816576,145828,United States,Jan 19 2022,2819,2012,408
536167209,981494,255855,536167209,249034150,267068,994962,187380,211631005,147818,United States,Jan 18 2022,2632,1923,0
535185715,816662,217622,535185715,248778295,279238,1038687,140356,211443625,149767,United States,Jan 17 2022,1446,2004,0
534369053,386641,106968,534369053,248560673,295634,1099060,57734,211303269,156809,United States,Jan 16 2022,850,2077,0
533982412,778965,227294,533982412,248453705,300748,1114040,87209,211245535,159227,United States,Jan 15 2022,1377,2051,0
533203447,1446119,380887,533203447,248226411,307675,1150507,174392,211158326,171646,United States,Jan 14 2022,2820,1977,140
531757328,1267059,338680,531757328,247845524,310585,1174731,188155,210983934,181675,United States,Jan 13 2022,2146,1910,0
530490269,1287791,342169,530490269,247506844,315349,1199009,199498,210795779,185062,United States,Jan 12 2022,2192,1899,282
529202478,1287570,341048,529202478,247164675,321030,1218970,201027,210596281,186914,United States,Jan 11 2022,3199,1824,0
527914908,1239275,332392,527914908,246823627,325849,1234578,189650,210395254,188763,United States,Jan 10 2022,1956,1768,0
526675633,491498,142767,526675633,246491235,327397,1232694,74658,210205604,189722,United States,Jan  9 2022,670,1700,0
526184135,1034235,275781,526184135,246348468,326629,1232937,174142,210130946,191954,United States,Jan  8 2022,857,1655,0
525149900,1615691,401260,525149900,246072687,291967,1099758,244598,209956804,169369,United States,Jan  7 2022,2355,1592,136
523534209,1437002,372029,523534209,245671427,257775,955025,211861,209712206,147730,United States,Jan  6 2022,2064,1444,0
522097207,1427522,381930,522097207,245299398,262242,965906,212460,209500345,148060,United States,Jan  5 2022,1669,1340,165
520669685,1396822,374782,520669685,244917468,270011,998595,213972,209287885,151500,United States,Jan  4 2022,2810,1327,0
519272863,1226088,343228,519272863,244542686,278656,1038142,196363,209073913,155376,United States,Jan  3 2022,1478,1238,172
518046775,493199,137396,518046775,244199458,286127,1079311,90281,208877550,160139,United States,Jan  2 2022,354,1258,0
517553576,101981,33144,517553576,244062062,285413,1076942,16045,208787269,159136,United States,Jan  1 2022,417,1245,0
517451595,602558,161916,517451595,244028918,280974,1063281,93128,208771224,156975,United States,Dec 31 2021,1321,1222,0
516849037,1513172,403297,516849037,243867002,272672,1031169,214173,208678096,151756,United States,Dec 30 2021,1335,1227,0
515335865,1656343,436312,515335865,243463705,267740,1021854,236541,208463923,146570,United States,Dec 29 2021,1580,1182,232
513679522,1673652,435300,513679522,243027393,269332,1048976,241102,208227382,146889,United States,Dec 28 2021,2183,1178,0
512005870,1514274,395526,512005870,242592093,273959,1089073,229704,207986280,147106,United States,Dec 27 2021,1617,1189,324
510491596,476617,132393,510491596,242196567,280655,1133631,83256,207756576,146688,United States,Dec 26 2021,262,1155,0
510014979,6354,2077,510014979,242064174,285987,1156597,918,207673320,146488,United States,Dec 25 2021,256,1157,0
510008625,377770,103799,510008625,242062097,326945,1315074,56601,207672402,169669,United States,Dec 24 2021,1362,1204,0
509630855,1447965,368776,509630855,241958298,374031,1534972,177870,207615801,197650,United States,Dec 23 2021,1015,1274,2163
508182890,1846203,447451,508182890,241589522,377118,1567317,238773,207437931,196535,United States,Dec 22 2021,1554,1287,276
506336687,1954327,467693,506336687,241142071,367341,1546769,242618,207199158,199680,United States,Dec 21 2021,2259,1304,15
504382360,1826181,442399,504382360,240674378,353010,1510608,226780,206956540,205948,United States,Dec 20 2021,1377,1254,68
502556179,637380,169716,502556179,240231979,339514,1479015,81853,206729760,213423,United States,Dec 19 2021,276,1238,0
501918799,1115689,288778,501918799,240062263,336964,1477539,163190,206647907,220268,United States,Dec 18 2021,591,1242,0
500803110,1917058,433405,500803110,239773485,333934,1496841,252467,206484717,245060,United States,Dec 17 2021,1852,1228,214
498886052,1674382,390384,498886052,239340080,332686,1521821,170065,206232250,265682,United States,Dec 16 2021,1106,1224,1
497211670,1702365,379012,497211670,238949696,334785,1555068,260787,206062185,289944,United States,Dec 15 2021,1667,1232,230
495509305,1701204,367374,495509305,238570684,338912,1584806,286494,205801398,303052,United States,Dec 14 2021,1911,1177,0
493808101,1605026,347928,493808101,238203310,344024,1612657,279108,205514904,310918,United States,Dec 13 2021,1269,1168,36
492203075,627052,151864,492203075,237855382,350135,1643127,129768,205235796,317578,United States,Dec 12 2021,303,1166,0
491576023,1250797,267570,491576023,237703518,352161,1657266,336734,205106028,326113,United States,Dec 11 2021,493,1162,0
490325226,2091919,424673,490325226,237435948,357075,1688974,396818,204769294,342615,United States,Dec 10 2021,1825,1173,151
488233307,1907110,405076,488233307,237011275,366105,1736166,339896,204372476,356203,United States,Dec  9 2021,1157,1123,0
486326197,1910536,407898,486326197,236606199,372328,1770576,352546,204032580,364002,United States,Dec  8 2021,1285,1135,185
484415661,1896157,403161,484415661,236198301,379815,1803245,341553,203680034,372126,United States,Dec  7 2021,1850,1174,0
482519504,1818321,390701,482519504,235795140,380337,1805522,325730,203338481,379272,United States,Dec  6 2021,1255,1140,47
480701183,726021,166050,480701183,235404439,375384,1781932,189517,203012751,384350,United States,Dec  5 2021,274,1190,0
479975162,1472757,301967,479975162,235238389,372058,1762237,452248,202823234,378373,United States,Dec  4 2021,569,1178,0
478502405,2422258,487884,478502405,234936422,360467,1679021,491929,202370986,342239,United States,Dec  3 2021,1473,1128,175
476080147,2147982,448636,476080147,234448538,335374,1504604,394490,201879057,297220,United States,Dec  2 2021,1242,997,0
473932165,2139217,460309,473932165,233999902,272550,1201684,409412,201484567,241596,United States,Dec  1 2021,1557,887,160
471792948,1912100,406813,471792948,233539593,264398,1092748,391578,201075155,205220,United States,Nov 30 2021,1611,839,12
469880848,1653186,356028,469880848,233132780,276538,1073937,361275,200683577,173012,United States,Nov 29 2021,1608,830,58
468227662,588162,142772,468227662,232776752,295780,1095412,147682,200322302,145948,United States,Nov 28 2021,191,762,0
467639500,890245,220826,467639500,232633980,304927,1103027,199309,200174620,133457,United States,Nov 27 2021,215,759,0
466749255,1201337,312232,466749255,232413154,339140,1151267,176792,199975311,119427,United States,Nov 26 2021,558,782,0
465547918,27538,8867,465547918,232100922,378032,1274414,5126,199798519,122127,United States,Nov 25 2021,469,929,0
465520380,1376669,403245,465520380,232092055,449390,1524610,154776,199793393,145941,United States,Nov 24 2021,1221,1018,147
464143711,1780419,491796,464143711,231688810,464316,1578034,166123,199638617,148519,United States,Nov 23 2021,1552,1025,9
462363292,1803515,490723,462363292,231197014,463982,1562736,171829,199472494,148714,United States,Nov 22 2021,1128,1011,42
460559777,641467,206799,460559777,230706291,459850,1525597,60245,199300665,148092,United States,Nov 21 2021,173,998,0
459918310,1227922,460320,459918310,230499492,464650,1516374,101099,199240420,148160,United States,Nov 20 2021,373,1004,0
458690388,2063371,584474,458690388,230039172,475420,1508245,195690,199139321,148443,United States,Nov 19 2021,1591,1030,71
456627017,1778909,508374,456627017,229454698,483448,1496679,171828,198943631,149016,United States,Nov 18 2021,1090,1045,2783
454848108,1750633,507729,454848108,228946324,489450,1470405,172816,198771803,146450,United States,Nov 17 2021,1269,1027,178
453097475,1673333,489457,453097475,228438595,498998,1471580,167489,198598987,146143,United States,Nov 16 2021,1458,1025,0
451424142,1543545,461798,451424142,227949138,503872,1465147,167477,198431498,145995,United States,Nov 15 2021,1037,1044,39
449880597,576907,240399,449880597,227487340,505347,1452556,60718,198264021,146825,United States,Nov 14 2021,216,1060,0
449303690,1171015,535710,449303690,227246941,503616,1449085,103081,198203303,148240,United States,Nov 13 2021,551,1065,0
448132675,1982414,640667,448132675,226711231,482858,1428955,199706,198100222,150353,United States,Nov 12 2021,1698,1055,43
446150261,1594988,550392,446150261,226070564,456402,1417513,153862,197900516,154674,United States,Nov 11 2021,966,1036,11
444555273,1758856,574561,444555273,225520172,428055,1422194,170665,197746654,160587,United States,Nov 10 2021,1252,1070,88
442796417,1628304,523574,442796417,224945611,390646,1392982,166454,197575989,163670,United States,Nov  9 2021,1594,1097,0
441168113,1455407,472126,441168113,224422037,356540,1373607,173289,197409535,166841,United States,Nov  8 2021,1147,1074,24
439712706,552611,228284,439712706,223949911,329811,1373433,70626,197236246,170022,United States,Nov  7 2021,253,1074,0
439160095,1030108,390399,439160095,223721627,311603,1356696,117872,197165620,170025,United States,Nov  6 2021,477,1081,0
438129987,1902318,455476,438129987,223331228,279783,1325993,229952,197047748,170237,United States,Nov  5 2021,1563,1077,55
436227669,1627751,351966,436227669,222875752,261517,1307670,195250,196817796,171417,United States,Nov  4 2021,1207,1102,0
434599918,1554375,312696,434599918,222523786,253854,1303365,192249,196622546,173386,United States,Nov  3 2021,1444,1112,-247
433045543,1492682,284833,433045543,222211090,253167,1311538,188652,196430297,175553,United States,Nov  2 2021,1433,1149,17
431552861,1454188,285026,431552861,221926257,255132,1319657,195556,196241645,177369,United States,Nov  1 2021,1141,1233,47
430098673,435450,100822,430098673,221641231,257736,1328589,70644,196046089,178665,United States,Oct 31 2021,303,1211,0
429663223,815185,167662,429663223,221540409,258818,1333607,119354,195975445,180076,United States,Oct 30 2021,448,1217,0
428848038,1774058,327616,428848038,221372747,260094,1334944,238214,195856091,182147,United States,Oct 29 2021,1738,1248,71
427073980,1597615,298325,427073980,221045131,255142,1277077,209032,195617877,183298,United States,Oct 28 2021,1277,1268,1
425476365,1611585,307884,425476365,220746806,242143,1170537,207421,195408845,181649,United States,Oct 27 2021,1708,1305,66
423864780,1549516,298589,423864780,220438922,227297,1058916,201360,195201424,179862,United States,Oct 26 2021,2017,1311,25
422315264,1516712,303252,422315264,220140333,213588,954228,204631,195000064,178676,United States,Oct 25 2021,992,1286,56
420798552,470580,108400,420798552,219837081,202243,855580,80518,194795433,179677,United States,Oct 24 2021,343,1324,0
420327972,824541,176595,420327972,219728681,198768,826700,133856,194714915,180235,United States,Oct 23 2021,667,1376,0
419503431,1368993,292947,419503431,219552086,193724,778852,246271,194581059,181848,United States,Oct 22 2021,1875,1414,77
418134438,851835,207331,418134438,219259139,189343,732531,197487,194334788,186391,United States,Oct 21 2021,1534,1429,0
417282603,830236,203962,417282603,219051808,192099,740104,194913,194137301,190994,United States,Oct 20 2021,1752,1433,78
416452367,816696,202629,416452367,218847846,195527,749882,193056,193942388,195889,United States,Oct 19 2021,1845,1437,1
415635671,826179,223840,415635671,218645217,199375,764658,211641,193749332,201804,United States,Oct 18 2021,1257,1451,1013
414809492,268422,84069,414809492,218421377,199727,768083,84421,193537691,203201,United States,Oct 17 2021,708,1401,13
414541070,489603,141287,414541070,218337308,201060,774447,145146,193453270,206143,United States,Oct 16 2021,929,1406,0
414051467,1044746,262284,414051467,218196021,202015,780753,278071,193308124,209485,United States,Oct 15 2021,1984,1427,58
413006721,904849,226623,413006721,217933737,205099,793756,229711,193030053,214156,United States,Oct 14 2021,1558,1462,7
412101872,898682,227954,412101872,217707114,208639,808540,229174,192800342,217960,United States,Oct 13 2021,1780,1487,59
411203190,920128,229569,411203190,217479160,211666,826401,234466,192571168,222280,United States,Oct 12 2021,1944,1517,10
410283062,850152,226302,410283062,217249591,213911,839056,221415,192336702,225548,United States,Oct 11 2021,910,1533,47
409432910,312971,93401,409432910,217023289,217009,857093,105015,192115287,230680,United States,Oct 10 2021,741,1578,298
409119939,533740,147970,409119939,216929888,218903,864485,168542,192010272,234342,United States,Oct  9 2021,1072,1609,0
408586199,1135768,283872,408586199,216781918,222672,877808,310767,191841730,239928,United States,Oct  8 2021,2235,1646,40
407450431,1008341,251408,407450431,216498046,227371,902034,256344,191530963,249814,United States,Oct  7 2021,1733,1634,16
406442090,1023707,249139,406442090,216246638,232985,922837,259410,191274619,259080,United States,Oct  6 2021,1989,1662,51
405418383,1008710,245285,405418383,215997499,238806,938341,257342,191015209,266666,United States,Oct  5 2021,2055,1693,0
404409673,976412,247985,404409673,215752214,245446,955033,257340,190757867,273461,United States,Oct  4 2021,1227,1704,69
403433261,364716,106660,403433261,215504229,252827,961808,130648,190500527,268731,United States,Oct  3 2021,955,1739,24
403068545,627001,174355,403068545,215397569,254768,967941,207645,190369879,270944,United States,Oct  2 2021,1332,1749,0
402441544,1305353,316768,402441544,215223214,258878,973998,379968,190162234,274094,United States,Oct  1 2021,2151,1767,42
401136191,1153962,290702,401136191,214906446,259585,927681,321206,189782266,279065,United States,Sep 30 2021,1930,1802,34
399982229,1132232,289888,399982229,214615744,254563,859001,312512,189461060,280266,United States,Sep 29 2021,2206,1821,50
398849997,1125553,291765,398849997,214325856,249443,792039,304905,189148548,283740,United States,Sep 28 2021,2129,1834,22
397724444,1023838,299651,397724444,214034091,245087,727566,224233,188843643,289245,United States,Sep 27 2021,1472,1864,447
396700606,407648,120247,396700606,213734440,240257,679532,146142,188619410,307552,United States,Sep 26 2021,1027,1838,27
396292958,669398,203127,396292958,213614193,240094,664782,229694,188473268,310288,United States,Sep 25 2021,1456,1861,0
395623560,981137,321714,395623560,213411066,240412,643616,414761,188243574,316954,United States,Sep 24 2021,2400,1885,61
394642423,673198,255552,394642423,213089352,244659,632254,329618,187828813,326641,United States,Sep 23 2021,2061,1870,24
393969225,663504,254047,393969225,212833800,252595,644589,336829,187499195,335693,United States,Sep 22 2021,2298,1873,70
393305721,674237,261269,393305721,212579753,261005,658594,343440,187162366,343310,United States,Sep 21 2021,2335,1887,9
392631484,687601,265841,392631484,212318484,268863,669326,352381,186818926,348352,United States,Sep 20 2021,1292,1901,52
391943883,304401,119108,391943883,212052643,279176,682675,165290,186466545,352927,United States,Sep 19 2021,1188,1901,33
391639482,521232,205355,391639482,211933535,284610,689200,276359,186301255,354151,United States,Sep 18 2021,1623,1895,0
391118250,901604,351440,391118250,211728180,292201,700005,482572,186024896,357615,United States,Sep 17 2021,2294,1914,37
390216646,759547,311106,390216646,211376740,306310,718873,392980,185542324,360168,United States,Sep 16 2021,2083,1909,25
389457099,761537,312919,389457099,211065634,315144,731320,390145,185149344,360833,United States,Sep 15 2021,2397,1933,108
388695562,749359,316274,388695562,210752715,322819,743188,378736,184759199,362554,United States,Sep 14 2021,2433,1887,5
387946203,781042,338031,387946203,210436441,328366,765980,384408,184380463,377036,United States,Sep 13 2021,1293,1749,53
387165161,350077,157144,387165161,210098410,291850,679762,173858,183996055,334591,United States,Sep 12 2021,1146,1716,19
386815084,596872,258492,386815084,209941266,293439,682097,300606,183822197,334565,United States,Sep 11 2021,1758,1736,0
386218212,1033680,450207,386218212,209682774,291751,676944,500442,183521591,331317,United States,Sep 10 2021,2254,1700,49
385184532,846674,372944,385184532,209232567,292543,678146,397637,183021149,329894,United States,Sep  9 2021,2251,1656,6
384337858,844613,366638,384337858,208859623,297165,685293,402194,182623512,330437,United States,Sep  8 2021,2075,1623,58
383493245,908903,355107,383493245,208492985,305982,698700,480110,182221318,331439,United States,Sep  7 2021,1469,1612,87
382584342,177515,82420,382584342,208137878,315249,701453,87293,181741208,323036,United States,Sep  6 2021,1063,1653,15
382406827,366419,168266,382406827,208055458,363298,808597,173671,181653915,372261,United States,Sep  5 2021,1286,1674,49
382040408,560806,246678,382040408,207887192,367007,817791,277869,181480244,376840,United States,Sep  4 2021,1507,1656,0
381479602,1042095,455748,381479602,207640514,377515,839554,490487,181202375,385891,United States,Sep  3 2021,1941,1652,28
380437507,896697,405297,380437507,207184766,389094,858332,401437,180711888,393032,United States,Sep  2 2021,2022,1634,16
379540810,938465,428360,379540810,206779469,399554,872048,409207,180310451,397581,United States,Sep  1 2021,1996,1597,36
378602345,928173,419975,378602345,206351109,405706,876409,421290,179901244,399560,United States,Aug 31 2021,1758,1548,50
377674172,927521,418762,377674172,205931134,411955,879873,431863,179479954,398729,United States,Aug 30 2021,1213,1535,35
376746651,430780,194230,376746651,205512372,415478,879144,205728,179048091,394979,United States,Aug 29 2021,1161,1523,33
376315871,713148,320236,376315871,205318142,414292,873542,341222,178842363,391307,United States,Aug 28 2021,1475,1485,0
375602723,1173540,536798,375602723,204997906,414617,867000,540474,178501141,385097,United States,Aug 27 2021,1813,1442,42
374429183,992709,478519,374429183,204461108,414991,857840,433282,177960667,376331,United States,Aug 26 2021,1765,1408,31
373436474,968994,471424,373436474,203982589,415402,851310,423061,177527385,368974,United States,Aug 25 2021,1654,1351,17
372467480,952422,463713,372467480,203511165,417820,849335,415474,177104324,362764,United States,Aug 24 2021,1666,1328,4
371515058,922418,443426,371515058,203047452,421795,845533,405609,176688850,355442,United States,Aug 23 2021,1130,1262,77
370592640,391565,185925,370592640,202604026,424975,838341,180029,176283241,348160,United States,Aug 22 2021,892,1222,13
370201075,667349,322513,370201075,202418101,428710,839570,297752,176103212,345548,United States,Aug 21 2021,1180,1192,0
369533726,1109425,539415,369533726,202095588,434416,833603,479112,175805460,337674,United States,Aug 20 2021,1570,1151,14
368424301,946999,481397,368424301,201556173,440389,810641,381781,175326348,324895,United States,Aug 19 2021,1365,1097,29
367477302,955167,488354,367477302,201074776,445204,790270,379590,174944567,315249,United States,Aug 18 2021,1496,1044,15
366522135,925807,491533,366522135,200586422,446796,763831,364221,174564977,303342,United States,Aug 17 2021,1202,917,0
365596328,872075,465690,365596328,200094889,452376,745857,354633,174200756,293482,United States,Aug 16 2021,853,883,8
364724253,400171,212070,364724253,199629199,460212,733128,161748,173846123,283823,United States,Aug 15 2021,682,866,0
364324082,625574,362452,364324082,199417129,463872,726038,242630,173684375,277539,United States,Aug 14 2021,895,844,0
363698508,948697,581228,363698508,199054677,466618,716406,389662,173441745,270002,United States,Aug 13 2021,1186,808,14
362749811,804397,515100,362749811,198473449,473084,710743,314257,173052083,258880,United States,Aug 12 2021,998,759,0
361945414,770095,499502,361945414,197958349,479527,709113,296244,172737826,251809,United States,Aug 11 2021,603,725,12
361175319,799987,530590,361175319,197458847,487132,710289,295200,172441582,245998,United States,Aug 10 2021,968,745,0
360375332,782978,520541,360375332,196928257,488250,704943,287021,172146382,240087,United States,Aug  9 2021,730,708,1
359592354,350535,237688,359592354,196407716,486268,696025,117758,171859361,233211,United States,Aug  8 2021,529,698,0
359241819,558153,381679,359241819,196170028,484673,692894,189872,171741603,230596,United States,Aug  7 2021,644,675,0
358683666,909053,626490,358683666,195788349,479673,686753,311805,171551731,229226,United States,Aug  6 2021,843,640,0
357774613,792991,560199,357774613,195161859,472471,676271,264765,171239926,226267,United States,Aug  5 2021,762,613,0
356981622,778327,552734,356981622,194601660,463609,665960,255563,170975161,224585,United States,Aug  4 2021,745,576,0
356203295,762564,538416,356203295,194048926,454903,657723,253827,170719598,225074,United States,Aug  3 2021,707,540,0
355440731,720550,506667,355440731,193510510,446701,649013,238888,170465771,224744,United States,Aug  2 2021,656,511,0
354720181,328619,226525,354720181,193003843,438318,638060,99455,170226883,222197,United States,Aug  1 2021,373,477,0
354391562,515166,346679,354391562,192777318,434800,628132,180281,170127428,216992,United States,Jul 31 2021,398,459,0
353876396,835681,576076,353876396,192430639,428459,620723,291089,169947147,216112,United States,Jul 30 2021,651,437,0
353040715,720815,498164,353040715,191854563,416012,608204,252991,169656058,215577,United States,Jul 29 2021,503,403,0
352319900,720667,491792,352319900,191356399,404507,598136,258985,169403067,216208,United States,Jul 28 2021,493,381,0
351599233,701590,481003,351599233,190864607,389716,585448,251519,169144082,217359,United States,Jul 27 2021,503,367,0
350897643,643885,447985,350897643,190383604,374243,571518,221062,168892563,217982,United States,Jul 26 2021,418,341,0
350253758,259119,201898,350253758,189935619,358888,560803,63019,168671501,222391,United States,Jul 25 2021,249,322,0
349994639,463303,302295,349994639,189733721,349433,557231,174122,168608482,228467,United States,Jul 24 2021,245,308,0
349531336,748050,488949,349531336,189431426,338271,548184,287339,168434360,230582,United States,Jul 23 2021,414,299,0
348783286,650340,417625,348783286,188942477,318144,530694,257408,168147021,232780,United States,Jul 22 2021,345,292,0
348132946,631852,388256,348132946,188524852,301189,515155,267045,167889613,234322,United States,Jul 21 2021,397,289,0
347501094,604080,372691,347501094,188136596,286413,500861,255880,167622568,235047,United States,Jul 20 2021,323,281,0
346897014,568878,340505,346897014,187763905,273444,489878,251924,167366688,237239,United States,Jul 19 2021,287,283,0
346328136,234113,135709,346328136,187423400,264219,483029,105553,167114764,240316,United States,Jul 18 2021,148,285,0
346094023,399976,224164,346094023,187287691,261543,480557,188926,167009211,240649,United States,Jul 17 2021,179,281,0
345694047,625619,348058,345694047,187063527,259740,480687,302722,166820285,243194,United States,Jul 16 2021,369,276,0
345068428,541569,298939,345068428,186715469,256203,481737,268205,166517563,249221,United States,Jul 15 2021,321,268,0
344526859,531791,284826,344526859,186416530,255072,485475,272119,166249358,255563,United States,Jul 14 2021,340,260,0
343995068,527197,281905,343995068,186131704,255007,491209,271227,165977239,262440,United States,Jul 13 2021,338,247,0
343467871,520941,275934,343467871,185849799,253969,499292,273463,165706012,271856,United States,Jul 12 2021,305,242,0
342946930,216807,116977,342946930,185573865,243385,481575,107881,165432549,262599,United States,Jul 11 2021,117,214,0
342730123,400885,211542,342730123,185456888,230648,457794,206741,165324668,251093,United States,Jul 10 2021,145,215,0
342329238,632967,323297,342329238,185245346,226436,451575,344908,165117927,248525,United States,Jul  9 2021,312,216,0
341696271,567734,291020,341696271,184922049,224104,449768,312604,164773019,247997,United States,Jul  8 2021,265,215,0
341128537,571933,284371,341128537,184631029,224474,455318,320253,164460415,251109,United States,Jul  7 2021,253,218,0
340556604,583777,274644,340556604,184346658,227922,463837,337139,164140162,255504,United States,Jul  6 2021,303,217,0
339972827,396923,201845,339972827,184072014,231345,470143,208668,163803023,258464,United States,Jul  5 2021,106,213,0
339575904,50336,27817,339575904,183870169,241999,492588,27339,163594355,272238,United States,Jul  4 2021,123,225,0
339525568,357353,182058,339525568,183842352,256209,523595,188767,163567016,289831,United States,Jul  3 2021,153,233,0
339168215,620318,306971,339168215,183660294,262442,543851,341207,163378249,305010,United States,Jul  2 2021,302,245,0
338547897,606587,293611,338547897,183353323,268870,564773,334389,163037042,320892,United States,Jul  1 2021,289,258,0
337941310,631568,308510,337941310,183059712,272581,578028,351019,162702653,332734,United States,Jun 30 2021,244,262,0
337309742,627913,298606,337309742,182751202,275833,592920,357861,162351634,345696,United States,Jun 29 2021,277,276,0
336681829,554042,276422,336681829,182452596,279594,611139,305085,161993773,361522,United States,Jun 28 2021,191,280,0
336127787,267386,127284,336127787,182176174,283254,612102,150492,161688688,359838,United States,Jun 27 2021,175,292,0
335860401,499141,225693,335860401,182048890,281136,613446,295019,161538196,363491,United States,Jun 26 2021,241,298,0
335361260,766776,351967,335361260,181823197,281958,624285,452378,161243177,374182,United States,Jun 25 2021,394,300,10
334594484,699371,319582,334594484,181471230,284338,646263,417284,160790799,394756,United States,Jun 24 2021,316,282,0
333895113,735810,331274,333895113,181151648,288962,674005,441755,160373515,419597,United States,Jun 23 2021,338,277,0
333159303,755446,324934,333159303,180820374,292882,703731,468639,159931760,446634,United States,Jun 22 2021,309,277,0
332403857,560785,302041,332403857,180495440,298032,735402,293301,159463121,474104,United States,Jun 21 2021,275,278,0
331843072,276793,112459,331843072,180193399,302357,785642,176060,159169820,520754,United States,Jun 20 2021,216,267,0
331566279,575016,231451,331566279,180080940,302510,802205,369858,158993760,537926,United States,Jun 19 2021,253,258,0
330991263,920623,368623,330991263,179849489,309580,847611,596395,158623902,576907,United States,Jun 18 2021,273,252,0
330070640,893565,351955,330070640,179480866,318111,891863,591170,158027507,613645,United States,Jun 17 2021,278,270,0
329177075,943888,358711,329177075,179128911,325673,931276,631014,157436337,645778,United States,Jun 16 2021,341,286,0
328233187,977144,360984,328233187,178770200,330401,962965,660933,156805323,673135,United States,Jun 15 2021,312,290,0
327256043,912467,332316,327256043,178409216,336612,991137,619847,156144390,695596,United States,Jun 14 2021,202,290,0
326343576,392733,113528,326343576,178076900,342437,1013710,296267,155524543,712805,United States,Jun 13 2021,148,308,0
325950843,892860,280940,325950843,177963372,350709,1031360,642725,155228276,722384,United States,Jun 12 2021,212,347,0
325057983,1230383,428342,325057983,177682432,361170,1056808,853561,154585551,737919,United States,Jun 11 2021,398,374,0
323827600,1169457,404892,323827600,177254090,371504,1081205,816101,153731990,752943,United States,Jun 10 2021,391,402,0
322658143,1165710,391807,322658143,176849198,379911,1092122,822510,152915889,756090,United States,Jun  9 2021,370,414,18
321492433,1174350,404456,321492433,176457391,394673,1085027,818160,152093379,735827,United States,Jun  8 2021,315,432,0
320318083,1070479,373095,320318083,176052935,412251,1098102,740308,151275219,730901,United States,Jun  7 2021,324,435,0
319247604,516281,171432,319247604,175679840,371711,974018,363325,150534911,642596,United States,Jun  6 2021,425,422,0
318731323,1070998,354165,318731323,175508408,375954,955233,751468,150171586,619995,United States,Jun  5 2021,396,397,0
317660325,1401160,500679,317660325,175154243,379818,911451,958727,149420118,572809,United States,Jun  4 2021,594,385,0
316259165,1245874,463742,316259165,174653564,394592,900933,838130,148461391,548192,United States,Jun  3 2021,475,401,0
315013291,1116049,495141,315013291,174189822,416071,915124,680670,147623261,542496,United States,Jun  2 2021,500,411,0
313897242,1265874,527500,313897242,173694681,439782,960331,783677,146942591,564969,United States,Jun  1 2021,337,415,0
312631368,201889,89319,312631368,173167181,459895,984570,122175,146158914,572867,United States,May 31 2021,228,439,0
312429479,384786,201133,312429479,173077862,537943,1144207,205118,146036739,662801,United States,May 30 2021,255,457,0
312044693,764524,381215,312044693,172876729,557625,1183231,421169,145831621,683079,United States,May 29 2021,311,462,0
311280169,1327537,604093,311280169,172495514,607480,1280917,786404,145410452,733179,United States,May 28 2021,707,475,0
309952632,1345206,614097,309952632,171891421,654326,1384940,798259,144624048,792894,United States,May 27 2021,544,470,0
308607426,1432499,661119,308607426,171277324,698305,1480958,837981,143825789,847003,United States,May 26 2021,525,468,0
307174927,1435547,668288,307174927,170616205,744751,1574234,838961,142987808,895917,United States,May 25 2021,506,479,0
305739380,1319348,635656,305739380,169947917,790699,1664855,751713,142148847,942525,United States,May 24 2021,353,493,217
304420032,657959,338909,304420032,169312261,826458,1736437,347066,141397134,979632,United States,May 23 2021,289,496,0
303762073,1448320,730200,303762073,168973352,846233,1775671,771870,141050068,999556,United States,May 22 2021,401,518,0
302313753,2055699,932011,302313753,168243152,871572,1832343,1204408,140278198,1030945,United States,May 21 2021,674,523,0
300258054,2017333,921950,300258054,167311141,894269,1888539,1177024,139073790,1064293,United States,May 20 2021,528,526,0
298240721,2085430,986246,298240721,166389191,894872,1925247,1180375,137896766,1097261,United States,May 19 2021,607,535,0
296155291,2069895,989920,296155291,165402945,845850,1914847,1165219,136716391,1134158,United States,May 18 2021,604,548,0
294085396,1820421,885967,294085396,164413025,798095,1911230,1011462,135551172,1175137,United States,May 17 2021,373,549,0
292264975,932596,477339,292264975,163527058,740288,1880083,486531,134539710,1198545,United States,May 16 2021,439,556,0
291332379,1845026,907568,291332379,163049719,701319,1834655,991599,134053179,1191575,United States,May 15 2021,437,552,0
289487353,2449071,1090890,289487353,162142151,643814,1790160,1437843,133061580,1205360,United States,May 14 2021,696,578,0
287038282,2274290,926176,287038282,161051261,600588,1797893,1407796,131623737,1255710,United States,May 13 2021,590,595,0
284763992,2012630,643087,284763992,160125085,578715,1832391,1438658,130215941,1314428,United States,May 12 2021,702,607,0
282751362,2044575,655635,282751362,159481998,602858,1908352,1452073,128777283,1367148,United States,May 11 2021,612,610,0
280706787,1602393,481321,280706787,158826363,625309,1972675,1175318,127325210,1410704,United States,May 10 2021,422,621,0
279104394,614602,204557,279104394,158345042,647356,2023742,437738,126149892,1443162,United States,May  9 2021,406,629,0
278489792,1533560,505030,278489792,158140485,664570,2061406,1088093,125712154,1464272,United States,May  8 2021,620,643,0
276956232,2503198,788307,276956232,157635455,693141,2105840,1790296,124624061,1475501,United States,May  7 2021,815,643,0
274453034,2515782,773066,274453034,156847148,738421,2162958,1818822,122833765,1484594,United States,May  6 2021,672,641,0
271937252,2544351,812087,271937252,156074082,786334,2237982,1807698,121014943,1507910,United States,May  5 2021,723,654,0
269392901,2494837,812793,269392901,155261995,833381,2314869,1756965,119207245,1530855,United States,May  4 2021,694,672,0
266898064,1959867,635652,266898064,154449202,874920,2371144,1402524,117450280,1535885,United States,May  3 2021,474,650,0
264938197,878249,325055,264938197,153813550,917190,2431663,585508,116047756,1540385,United States,May  2 2021,503,652,0
264059948,1844596,705025,264059948,153488495,940713,2447870,1166692,115462248,1527571,United States,May  1 2021,626,642,0
262215352,2903023,1105268,262215352,152783470,983279,2499308,1853947,114295556,1530410,United States,Apr 30 2021,796,647,0
259312329,3040952,1108455,259312329,151678202,1018252,2554209,1982036,112441609,1537846,United States,Apr 29 2021,768,655,0
256271377,3082556,1141417,256271377,150569747,1059458,2618105,1968311,110459573,1548609,United States,Apr 28 2021,847,658,0
253188821,2888762,1103566,253188821,149428330,1093353,2672849,1792179,108491262,1560417,United States,Apr 27 2021,541,649,0
250300059,2383503,931543,250300059,148324764,1129491,2720683,1434021,106699083,1566631,United States,Apr 26 2021,487,677,0
247916556,991698,489714,247916556,147393221,1151029,2748269,495813,105265062,1571067,United States,Apr 25 2021,433,677,0
246924858,2204663,1002991,246924858,146903507,1157912,2768281,1186562,104769249,1583487,United States,Apr 24 2021,663,687,0
244720195,3287332,1350081,244720195,145900516,1180686,2790423,1906000,103582687,1582173,United States,Apr 23 2021,847,683,0
241432863,3488220,1396894,241432863,144550435,1221017,2834780,2057377,101676687,1585586,United States,Apr 22 2021,794,679,0
237944643,3465763,1378679,237944643,143153541,1271638,2870961,2050965,99619310,1570366,United States,Apr 21 2021,779,679,0
234478880,3223605,1356535,234478880,141774862,1321575,2903085,1835679,97568345,1552613,United States,Apr 20 2021,740,682,0
231255275,2576605,1082307,231255275,140418327,1376449,2939247,1465076,95732666,1535961,United States,Apr 19 2021,488,683,0
228678670,1131782,537900,228678670,139336020,1455145,3002435,582748,94267590,1573187,United States,Apr 18 2021,503,692,0
227546888,2359653,1162404,227546888,138798120,1497417,3040881,1177366,93684842,1604374,United States,Apr 17 2021,636,687,0
225187235,3597832,1632401,225187235,137635716,1577921,3116634,1929891,92507476,1672965,United States,Apr 16 2021,813,703,0
221589403,3741486,1751241,221589403,136003315,1693564,3220066,1950835,90577585,1745690,United States,Apr 15 2021,797,706,0
217847917,3690630,1728238,217847917,134252074,1810410,3329029,1926697,88626750,1826585,United States,Apr 14 2021,801,715,0
214157287,3476741,1740652,214157287,132523836,1929699,3424628,1719117,86700053,1880655,United States,Apr 13 2021,748,719,0
210680546,3018920,1633177,210680546,130783184,2008280,3496732,1725656,84980936,1932322,United States,Apr 12 2021,546,715,0
207661626,1400908,833805,207661626,129150007,2023015,3509485,801059,83255280,1914738,United States,Apr 11 2021,468,691,0
206260718,2889923,1725931,206260718,128316202,1966510,3418532,1657497,82454221,1853384,United States,Apr 10 2021,748,698,0
203370795,4321852,2441901,203370795,126590271,1909357,3334743,2438972,80796724,1782199,United States,Apr  9 2021,839,698,26
199048943,4504228,2569165,199048943,124148370,1854907,3240224,2517099,78357752,1693390,United States,Apr  8 2021,861,698,0
194544715,4359824,2563264,194544715,121579205,1849715,3248440,2305182,75840653,1654271,United States,Apr  7 2021,827,692,0
190184891,3981467,2290715,190184891,119015941,1828414,3222138,2080788,73535471,1602244,United States,Apr  6 2021,722,711,0
186203424,3108191,1736326,186203424,116725226,1789109,3167254,1602570,71454683,1542520,United States,Apr  5 2021,375,711,0
183095233,764236,438265,183095233,114988900,1771002,3129161,371582,69852113,1495787,United States,Apr  4 2021,519,737,0
182330997,2303405,1325862,182330997,114550635,1804430,3193015,1159202,69480531,1521442,United States,Apr  3 2021,744,751,0
180027592,3660217,2060751,180027592,113224773,1811059,3217591,1817310,68321329,1522215,United States,Apr  2 2021,844,767,0
176367375,4561740,2532819,176367375,111164022,1817525,3242383,2243265,66504019,1519974,United States,Apr  1 2021,817,798,0
171805635,4175707,2414159,171805635,108631203,1779765,3139261,1940988,64260754,1435116,United States,Mar 31 2021,958,822,0
167629928,3597279,2015578,167629928,106217044,1750683,3051473,1662725,62319766,1361233,United States,Mar 30 2021,723,846,0
164032649,2841544,1609583,164032649,104201466,1746248,2975912,1275435,60657041,1288437,United States,Mar 29 2021,555,850,0
161191105,1211211,672257,161191105,102591883,1745595,2908046,551166,59381606,1221621,United States,Mar 28 2021,617,905,0
159979894,2475436,1372265,159979894,101919626,1747231,2880796,1164614,58830440,1195962,United States,Mar 27 2021,856,896,0
157504458,3833767,2106012,157504458,100547361,1752886,2835346,1801623,57665826,1152473,United States,Mar 26 2021,1061,877,0
153670691,3839886,2268500,153670691,98441349,1768462,2764866,1649263,55864203,1069906,United States,Mar 25 2021,989,894,0
149830805,3561185,2210586,149830805,96172849,1772512,2702714,1423808,54214940,1006472,United States,Mar 24 2021,1122,873,0
146269620,3068353,1984531,146269620,93962263,1760809,2646937,1153149,52791132,964635,United States,Mar 23 2021,753,864,0
143201267,2366484,1605015,143201267,91977732,1753166,2621375,807723,51637983,949746,United States,Mar 22 2021,943,880,0
140834783,1020463,683708,140834783,90372717,1737991,2609567,371552,50830260,958568,United States,Mar 21 2021,549,845,0
139814320,2157285,1411847,139814320,89689009,1732938,2604389,860191,50458708,966437,United States,Mar 20 2021,722,861,0
137657035,3340404,2215050,137657035,88277162,1729101,2609309,1223659,49598517,989040,United States,Mar 19 2021,1186,897,0
134316631,3404825,2296844,134316631,86062112,1715290,2621989,1205225,48374858,1032634,United States,Mar 18 2021,839,912,0
130911806,3170746,2128665,130911806,83765268,1712632,2627276,1130943,47169633,1060437,United States,Mar 17 2021,1058,981,0
127741060,2889417,1931036,127741060,81636603,1703369,2620965,1048932,46038690,1080137,United States,Mar 16 2021,863,1056,0
124851643,2283832,1498786,124851643,79705567,1686125,2595209,869477,44989758,1084705,United States,Mar 15 2021,699,1078,0
122567811,984212,648335,122567811,78206781,1683881,2578353,426632,44120281,1082129,United States,Mar 14 2021,662,1096,0
121583599,2191724,1384988,121583599,77558446,1688057,2569906,1018412,43693649,1070218,United States,Mar 13 2021,976,1131,0
119391875,3429166,2118376,119391875,76173458,1683200,2551054,1528818,42675237,1047985,United States,Mar 12 2021,1287,1174,165
115962709,3441836,2278240,115962709,74055082,1666923,2522747,1399842,41146419,1016310,United States,Mar 11 2021,1325,1269,0
112520873,3126566,2063820,112520873,71776842,1621060,2488942,1268849,39746577,994050,United States,Mar 10 2021,1581,1303,0
109394307,2709124,1810329,109394307,69713022,1575234,2457252,1080903,38477728,973178,United States,Mar  9 2021,1019,1300,138
106685183,2165843,1483082,106685183,67902693,1525771,2422403,851450,37396825,956010,United States,Mar  8 2021,822,1348,0
104519340,925085,677567,104519340,66419611,1485456,2406573,343249,36545375,948002,United States,Mar  7 2021,913,1410,0
103594255,2059756,1350989,103594255,65742044,1465061,2396680,862781,36202126,941120,United States,Mar  6 2021,1272,1435,0
101534499,3231022,2004432,101534499,64391055,1435071,2387702,1307095,35339345,934686,United States,Mar  5 2021,1956,1484,0
98303477,3205196,1957201,98303477,62386623,1387762,2371274,1244026,34032250,945553,United States,Mar  4 2021,1560,1481,0
95098281,2904738,1743038,95098281,60429422,1327776,2333408,1122744,32788224,959588,United States,Mar  3 2021,1558,1677,0
92193543,2465180,1464091,92193543,58686384,1256721,2279795,960724,31665480,975541,United States,Mar  2 2021,1356,1741,0
89728363,2055033,1200871,89728363,57222293,1171378,2204698,795393,30704756,984980,United States,Mar  1 2021,1258,1792,0
87673330,855838,534808,87673330,56021422,1088023,2120089,295077,29909363,986000,United States,Feb 28 2021,1089,1830,0
86817492,1996904,1141056,86817492,55486614,1047966,2082992,817746,29614286,990091,United States,Feb 27 2021,1613,1895,0
84820588,3116032,1673272,84820588,54345558,970193,1984375,1383161,28796540,970506,United States,Feb 26 2021,1934,1936,0
81704556,2940134,1537295,81704556,52672286,848845,1820395,1342273,27413379,929533,United States,Feb 25 2021,2936,2009,0
78764422,2529442,1245653,78764422,51134991,748313,1665784,1234412,26071106,877107,United States,Feb 24 2021,2007,1913,0
76234980,1939502,866690,76234980,49889338,703647,1585320,1026795,24836694,842324,United States,Feb 23 2021,1709,1939,0
74295478,1462773,617388,74295478,49022648,693652,1539956,802537,23809899,808232,United States,Feb 22 2021,1524,1900,0
72832705,596160,254411,72832705,48405260,692598,1499386,323710,23007362,770044,United States,Feb 21 2021,1546,1882,0
72236545,1306582,596644,72236545,48150849,705749,1498892,680657,22683652,756558,United States,Feb 20 2021,1896,1883,0
70929963,1968174,823835,70929963,47554205,744765,1523069,1096347,22002995,741069,United States,Feb 19 2021,2450,1913,0
68961789,1857855,833570,68961789,46730370,824032,1611366,975294,20906648,749924,United States,Feb 18 2021,2260,1924,0
67103934,1966197,932992,67103934,45896800,887317,1689907,990931,19931354,766381,United States,Feb 17 2021,2194,2065,0
65137737,1621950,796724,65137737,44963808,929612,1738488,788145,18940423,772969,United States,Feb 16 2021,1431,2156,0
63515787,1178787,610013,63515787,44167084,963969,1788965,535223,18152278,788474,United States,Feb 15 2021,1399,2300,0
62337000,592698,346464,62337000,43557071,996444,1846338,229309,17617055,812855,United States,Feb 14 2021,1554,2343,0
61744302,1475824,869756,61744302,43210607,986519,1825175,572236,17387746,802526,United States,Feb 13 2021,2109,2379,1204
60268478,2586249,1378706,60268478,42340851,984115,1800403,1158327,16815510,781156,United States,Feb 12 2021,2527,2474,2559
57682229,2407643,1276564,57682229,40962145,980761,1767596,1090496,15657183,753091,United States,Feb 11 2021,3246,2602,0
55274586,2306267,1229060,55274586,39685581,996779,1758958,1037049,14566687,727887,United States,Feb 10 2021,2828,2585,0
52968319,1975286,1037221,52968319,38456521,1001242,1735183,896677,13529638,699112,United States,Feb  9 2021,2440,2655,0
50993033,1580400,837339,50993033,37419300,990658,1695476,705890,12632961,671081,United States,Feb  8 2021,1698,2731,0
49412633,444559,276986,49412633,36581961,981178,1667849,157010,11927071,652297,United States,Feb  7 2021,1810,2814,0
48968074,1302414,852930,48968074,36304975,987630,1670040,422642,11770061,648091,United States,Feb  6 2021,2774,2883,0
47665660,2356602,1355228,47665660,35452045,974188,1629590,961872,11347419,622431,United States,Feb  5 2021,3418,2882,0
45309058,2347176,1388691,45309058,34096817,976767,1566593,914067,10385547,556005,United States,Feb  4 2021,3132,2861,0
42961882,2139842,1260299,42961882,32708126,974224,1511758,835629,9471480,505293,United States,Feb  3 2021,3318,2966,0
40822040,1697336,963136,40822040,31447827,972997,1482363,700457,8635851,478689,United States,Feb  2 2021,2968,3060,0
39124704,1387014,770976,39124704,30484691,985875,1477442,574405,7935394,461891,United States,Feb  1 2021,2279,3145,0
37737690,459893,322148,37737690,29713715,998632,1475579,127563,7360989,449857,United States,Jan 31 2021,2294,3123,0
37277797,1019268,758836,37277797,29391567,995508,1466423,243023,7233426,444273,United States,Jan 30 2021,2769,3150,0
36258529,1915620,1373284,36258529,28632731,993380,1450600,496889,6990403,431131,United States,Jan 29 2021,3270,3181,0
34342909,1963331,1370888,34342909,27259447,996266,1409504,559087,6493514,390131,United States,Jan 28 2021,3864,3241,0
32379578,1934078,1251712,32379578,25888559,990610,1362176,649402,5934427,349569,United States,Jan 27 2021,3981,3238,0
30445500,1662892,1053283,30445500,24636847,976744,1314787,582870,5285025,317011,United States,Jan 26 2021,3559,3220,0
28782608,1373970,860272,28782608,23583564,964294,1269547,490162,4702155,284721,United States,Jan 25 2021,2129,3106,0
27408638,395800,300279,27408638,22723292,932670,1199746,88478,4211993,247281,United States,Jan 24 2021,2483,3128,0
27012838,908508,743944,27012838,22423013,926371,1186872,151026,4123515,240661,United States,Jan 23 2021,2987,3141,0
26104330,1627952,1393482,26104330,21679069,901086,1149834,209893,3972489,229368,United States,Jan 22 2021,3688,3219,0
24476378,1632033,1331298,24476378,20285587,861635,1096819,275155,3762596,216652,United States,Jan 21 2021,3839,3178,0
22844345,1602357,1154650,22844345,18954289,836841,1051655,421495,3487441,196755,United States,Jan 20 2021,3859,3160,0
21241988,1346209,966135,21241988,17799639,819097,1011808,356839,3065946,175211,United States,Jan 19 2021,2758,3190,0
19895779,885364,638899,19895779,16833504,812184,999267,228084,2709107,169180,United States,Jan 18 2021,2286,3311,0
19010415,305681,256190,19010415,16194605,824374,1025620,42134,2481023,182703,United States,Jan 17 2021,2576,3358,0
18704734,649241,566950,18704734,15938415,813003,1017875,71978,2438889,186636,United States,Jan 16 2021,3528,3356,0
18055493,1256851,1117321,18055493,15371465,784988,997779,120876,2366911,194752,United States,Jan 15 2021,3406,3329,0
16798642,1315885,1157739,16798642,14254144,746555,994783,135881,2246035,229430,United States,Jan 14 2021,3708,3381,0
15482757,1323428,1030442,15482757,13096405,705035,973916,270685,2110154,250174,United States,Jan 13 2021,4072,3420,0
14159329,1258418,917745,14159329,12065963,676639,930925,314625,1839469,236166,United States,Jan 12 2021,3602,3391,0
12900911,1069837,724234,12900911,11148218,649994,869864,322741,1524844,203723,United States,Jan 11 2021,2619,3375,0
11831074,251462,176587,11831074,10423984,632198,810908,69668,1202103,164031,United States,Jan 10 2021,2563,3300,0
11579612,508571,370849,11579612,10247397,625845,794841,128790,1132435,154430,United States,Jan  9 2021,3337,3226,0
11071041,1235883,848289,11071041,9876548,609439,759893,363617,1003645,136442,United States,Jan  8 2021,3772,3087,0
9835158,1169813,867102,9835158,9028259,501919,598422,281093,640028,85501,United States,Jan  7 2021,3981,2980,0
8665345,1022490,831666,8665345,8161157,436790,491369,172628,358935,45799,United States,Jan  6 2021,3864,2951,0
7642855,830989,731232,7642855,7329491,435734,465696,87523,186307,22249,United States,Jan  5 2021,3491,2938,0
6811866,657146,599659,6811866,6598259,431768,450060,44901,98784,10494,United States,Jan  4 2021,2092,2919,0
6154720,138995,132121,6154720,5998600,428555,440627,2459,53883,4680,United States,Jan  3 2021,2046,2940,0
6015725,263932,256006,6015725,5866479,423039,434513,2876,51424,4433,United States,Jan  2 2021,2369,2919,0
5751793,105587,95645,5751793,5610473,406208,417008,7027,48548,4158,United States,Jan  1 2021,3023,2816,0
5646206,420444,411199,5646206,5514828,394333,403736,3176,41521,3170,United States,Dec 31 2020,3773,2702,0
5225762,842777,824278,5225762,5103629,362899,371670,7780,38345,2874,United States,Dec 30 2020,3772,2596,0
4382985,721538,703465,4382985,4279351,325567,333327,5239,30565,2185,United States,Dec 29 2020,3360,2515,0
3661447,591116,577168,3661447,3575886,287844,294250,4204,25326,1850,United States,Dec 28 2020,2240,2451,0
3070331,96195,93514,3070331,2998718,259030,264404,730,21122,1464,United States,Dec 27 2020,1899,2443,0
2974136,141397,138184,2974136,2905204,260458,265728,953,20392,1462,United States,Dec 26 2020,1649,2471,0
2832739,12683,12525,2832739,2767020,266164,271527,105,19439,1478,United States,Dec 25 2020,2221,2619,0
2820056,195983,191157,2820056,2754495,322651,329195,1104,19334,1633,United States,Dec 24 2020,3032,2727,0
2624073,574380,562953,2624073,2563338,333299,340137,2963,18230,1583,United States,Dec 23 2020,3209,2772,0
2049693,447995,439404,2049693,2000385,274901,280850,2891,15267,1223,United States,Dec 22 2020,2909,2798,0
1601698,382196,375475,1601698,1560981,218669,223699,1502,12376,847,United States,Dec 21 2020,2188,2778,0
1219502,105462,103509,1219502,1185506,165662,169755,716,10874,650,United States,Dec 20 2020,2091,2753,0
1114040,181987,178125,1114040,1081997,154571,159149,1065,10158,1451,United States,Dec 19 2020,2685,2747,0
932053,416361,407934,932053,903872,150645,155342,1193,9093,1516,United States,Dec 18 2020,2976,2706,0
515692,272576,265691,515692,495938,99188,103138,749,7900,1580,United States,Dec 17 2020,3347,2739,0
243116,159375,154167,243116,230247,57562,60779,447,7151,1788,United States,Dec 16 2020,3395,2645,0
83741,47939,45780,83741,76080,25360,27914,257,6704,2235,United States,Dec 15 2020,2765,2642,0
35802,4585,4426,35802,30300,15150,17901,122,6447,3224,United States,Dec 14 2020,2017,2611,0
,,,,,,,,,,,,,,
,,,,,,,,,,,,,,
,,,,,,,,,,,,,,
,,,,,,,,,,,,,,
,,,,,,,,,,,,,,
,,,,,,,,,,,,,,
,,,,,,,,,,,,,,
,,,,,,,,,,,,,,
,,,,,,,,,,,,,,
,,,,,,,,,,,,,,
,,,,,,,,,,,,,,
,,,,,,,,,,,,,,
,,,,,,,,,,,,,,
,,,,,,,,,,,,,,
,,,,,,,,,,,,,,
,,,,,,,,,,,,,,
,,,,,,,,,,,,,,
,,,,,,,,,,,,,,
,,,,,,,,,,,,,,
,,,,,,,,,,,,,,
,,,,,,,,,,,,,,
,,,,,,,,,,,,,,
,,,,,,,,,,,,,,
,,,,,,,,,,,,,,
,,,,,,,,,,,,,,
,,,,,,,,,,,,,,
,,,,,,,,,,,,,,
,,,,,,,,,,,,,,
,,,,,,,,,,,,,,
,,,,,,,,,,,,,,
,,,,,,,,,,,,,,
,,,,,,,,,,,,,,
,,,,,,,,,,,,,,
,,,,,,,,,,,,,,
,,,,,,,,,,,,,,
,,,,,,,,,,,,,,
,,,,,,,,,,,,,,
,,,,,,,,,,,,,,
,,,,,,,,,,,,,,
,,,,,,,,,,,,,,
,,,,,,,,,,,,,,
,,,,,,,,,,,,,,
,,,,,,,,,,,,,,
,,,,,,,,,,,,,,
,,,,,,,,,,,,,,
,,,,,,,,,,,,,,
,,,,,,,,,,,,,,
,,,,,,,,,,,,,,
,,,,,,,,,,,,,,
,,,,,,,,,,,,,,
,,,,,,,,,,,,,,
,,,,,,,,,,,,,,
,,,,,,,,,,,,,,
,,,,,,,,,,,,,,
,,,,,,,,,,,,,,
,,,,,,,,,,,,,,
,,,,,,,,,,,,,,
,,,,,,,,,,,,,,
,,,,,,,,,,,,,,
,,,,,,,,,,,,,,
,,,,,,,,,,,,,,
,,,,,,,,,,,,,,
,,,,,,,,,,,,,,
,,,,,,,,,,,,,,
,,,,,,,,,,,,,,
,,,,,,,,,,,,,,
,,,,,,,,,,,,,,
,,,,,,,,,,,,,,
,,,,,,,,,,,,,,
,,,,,,,,,,,,,,
,,,,,,,,,,,,,,
,,,,,,,,,,,,,,
,,,,,,,,,,,,,,
,,,,,,,,,,,,,,
,,,,,,,,,,,,,,
,,,,,,,,,,,,,,
,,,,,,,,,,,,,,
,,,,,,,,,,,,,,
,,,,,,,,,,,,,,
,,,,,,,,,,,,,,
,,,,,,,,,,,,,,
,,,,,,,,,,,,,,
,,,,,,,,,,,,,,
,,,,,,,,,,,,,,
,,,,,,,,,,,,,,
,,,,,,,,,,,,,,
,,,,,,,,,,,,,,
,,,,,,,,,,,,,,
,,,,,,,,,,,,,,
,,,,,,,,,,,,,,
,,,,,,,,,,,,,,
,,,,,,,,,,,,,,
,,,,,,,,,,,,,,
,,,,,,,,,,,,,,
,,,,,,,,,,,,,,
,,,,,,,,,,,,,,
,,,,,,,,,,,,,,
,,,,,,,,,,,,,,
,,,,,,,,,,,,,,
,,,,,,,,,,,,,,
,,,,,,,,,,,,,,
,,,,,,,,,,,,,,
,,,,,,,,,,,,,,
,,,,,,,,,,,,,,
,,,,,,,,,,,,,,
,,,,,,,,,,,,,,
,,,,,,,,,,,,,,
,,,,,,,,,,,,,,
,,,,,,,,,,,,,,
,,,,,,,,,,,,,,
,,,,,,,,,,,,,,
,,,,,,,,,,,,,,
,,,,,,,,,,,,,,
,,,,,,,,,,,,,,
,,,,,,,,,,,,,,
,,,,,,,,,,,,,,
,,,,,,,,,,,,,,
,,,,,,,,,,,,,,
,,,,,,,,,,,,,,
,,,,,,,,,,,,,,
,,,,,,,,,,,,,,
,,,,,,,,,,,,,,
,,,,,,,,,,,,,,
,,,,,,,,,,,,,,
,,,,,,,,,,,,,,
,,,,,,,,,,,,,,
,,,,,,,,,,,,,,
,,,,,,,,,,,,,,
,,,,,,,,,,,,,,
,,,,,,,,,,,,,,
,,,,,,,,,,,,,,
,,,,,,,,,,,,,,
,,,,,,,,,,,,,,
,,,,,,,,,,,,,,
,,,,,,,,,,,,,,
,,,,,,,,,,,,,,
,,,,,,,,,,,,,,
,,,,,,,,,,,,,,
,,,,,,,,,,,,,,
,,,,,,,,,,,,,,
,,,,,,,,,,,,,,
,,,,,,,,,,,,,,
,,,,,,,,,,,,,,
,,,,,,,,,,,,,,
,,,,,,,,,,,,,,
,,,,,,,,,,,,,,
,,,,,,,,,,,,,,
,,,,,,,,,,,,,,
,,,,,,,,,,,,,,
,,,,,,,,,,,,,,
,,,,,,,,,,,,,,
,,,,,,,,,,,,,,
,,,,,,,,,,,,,,
,,,,,,,,,,,,,,
,,,,,,,,,,,,,,
,,,,,,,,,,,,,,
,,,,,,,,,,,,,,
,,,,,,,,,,,,,,
,,,,,,,,,,,,,,
,,,,,,,,,,,,,,
,,,,,,,,,,,,,,
,,,,,,,,,,,,,,
,,,,,,,,,,,,,,
,,,,,,,,,,,,,,
,,,,,,,,,,,,,,
,,,,,,,,,,,,,,
,,,,,,,,,,,,,,
,,,,,,,,,,,,,,
,,,,,,,,,,,,,,
,,,,,,,,,,,,,,
,,,,,,,,,,,,,,
,,,,,,,,,,,,,,
,,,,,,,,,,,,,,
,,,,,,,,,,,,,,
,,,,,,,,,,,,,,
,,,,,,,,,,,,,,
,,,,,,,,,,,,,,
,,,,,,,,,,,,,,
,,,,,,,,,,,,,,
,,,,,,,,,,,,,,
,,,,,,,,,,,,,,
,,,,,,,,,,,,,,
,,,,,,,,,,,,,,
,,,,,,,,,,,,,,
,,,,,,,,,,,,,,
,,,,,,,,,,,,,,
,,,,,,,,,,,,,,
,,,,,,,,,,,,,,
,,,,,,,,,,,,,,
,,,,,,,,,,,,,,
,,,,,,,,,,,,,,
,,,,,,,,,,,,,,
,,,,,,,,,,,,,,
,,,,,,,,,,,,,,
,,,,,,,,,,,,,,
,,,,,,,,,,,,,,
,,,,,,,,,,,,,,
,,,,,,,,,,,,,,
,,,,,,,,,,,,,,
,,,,,,,,,,,,,,
,,,,,,,,,,,,,,
,,,,,,,,,,,,,,
,,,,,,,,,,,,,,
,,,,,,,,,,,,,,
,,,,,,,,,,,,,,
,,,,,,,,,,,,,,
,,,,,,,,,,,,,,
,,,,,,,,,,,,,,
,,,,,,,,,,,,,,
,,,,,,,,,,,,,,
,,,,,,,,,,,,,,
,,,,,,,,,,,,,,
,,,,,,,,,,,,,,
,,,,,,,,,,,,,,
,,,,,,,,,,,,,,
,,,,,,,,,,,,,,
,,,,,,,,,,,,,,
,,,,,,,,,,,,,,
,,,,,,,,,,,,,,
,,,,,,,,,,,,,,
,,,,,,,,,,,,,,
,,,,,,,,,,,,,,
,,,,,,,,,,,,,,
,,,,,,,,,,,,,,
,,,,,,,,,,,,,,
,,,,,,,,,,,,,,
,,,,,,,,,,,,,,
,,,,,,,,,,,,,,
,,,,,,,,,,,,,,
,,,,,,,,,,,,,,
,,,,,,,,,,,,,,
,,,,,,,,,,,,,,
,,,,,,,,,,,,,,
,,,,,,,,,,,,,,
,,,,,,,,,,,,,,
,,,,,,,,,,,,,,
,,,,,,,,,,,,,,
,,,,,,,,,,,,,,
,,,,,,,,,,,,,,
,,,,,,,,,,,,,,
,,,,,,,,,,,,,,
,,,,,,,,,,,,,,
,,,,,,,,,,,,,,
,,,,,,,,,,,,,,
,,,,,,,,,,,,,,
,,,,,,,,,,,,,,
,,,,,,,,,,,,,,
,,,,,,,,,,,,,,
,,,,,,,,,,,,,,
,,,,,,,,,,,,,,
,,,,,,,,,,,,,,
,,,,,,,,,,,,,,
,,,,,,,,,,,,,,
,,,,,,,,,,,,,,
,,,,,,,,,,,,,,
,,,,,,,,,,,,,,
,,,,,,,,,,,,,,
,,,,,,,,,,,,,,
,,,,,,,,,,,,,,
,,,,,,,,,,,,,,
,,,,,,,,,,,,,,
,,,,,,,,,,,,,,
,,,,,,,,,,,,,,
,,,,,,,,,,,,,,
,,,,,,,,,,,,,,
,,,,,,,,,,,,,,
,,,,,,,,,,,,,,
,,,,,,,,,,,,,,
,,,,,,,,,,,,,,
,,,,,,,,,,,,,,
,,,,,,,,,,,,,,
,,,,,,,,,,,,,,
,,,,,,,,,,,,,,
,,,,,,,,,,,,,,
,,,,,,,,,,,,,,
,,,,,,,,,,,,,,
,,,,,,,,,,,,,,
,,,,,,,,,,,,,,
,,,,,,,,,,,,,,
,,,,,,,,,,,,,,
,,,,,,,,,,,,,,
,,,,,,,,,,,,,,
,,,,,,,,,,,,,,
,,,,,,,,,,,,,,
,,,,,,,,,,,,,,
,,,,,,,,,,,,,,
,,,,,,,,,,,,,,
,,,,,,,,,,,,,,
,,,,,,,,,,,,,,
,,,,,,,,,,,,,,
,,,,,,,,,,,,,,
,,,,,,,,,,,,,,
,,,,,,,,,,,,,,
,,,,,,,,,,,,,,
,,,,,,,,,,,,,,
,,,,,,,,,,,,,,
,,,,,,,,,,,,,,
,,,,,,,,,,,,,,
,,,,,,,,,,,,,,
,,,,,,,,,,,,,,
,,,,,,,,,,,,,,
,,,,,,,,,,,,,,
,,,,,,,,,,,,,,
,,,,,,,,,,,,,,
,,,,,,,,,,,,,,
,,,,,,,,,,,,,,
,,,,,,,,,,,,,,
,,,,,,,,,,,,,,
,,,,,,,,,,,,,,
,,,,,,,,,,,,,,
,,,,,,,,,,,,,,
,,,,,,,,,,,,,,
,,,,,,,,,,,,,,
,,,,,,,,,,,,,,
,,,,,,,,,,,,,,
,,,,,,,,,,,,,,
,,,,,,,,,,,,,,
,,,,,,,,,,,,,,
,,,,,,,,,,,,,,
,,,,,,,,,,,,,,
,,,,,,,,,,,,,,
,,,,,,,,,,,,,,
,,,,,,,,,,,,,,
,,,,,,,,,,,,,,
,,,,,,,,,,,,,,
,,,,,,,,,,,,,,